{
    "Durrës||Albania": "/m/01n2gr",
    "Vienna||Austria": "/m/0fhp9",
    "Brussels||Belgium": "/m/0177z",
    "Leuven||Belgium": "/m/0k6bt",
    "Mechelen||Belgium": "/m/014h9r",
    "Lyon||France": "/m/0dprg",
    "Nantes||France": "/m/0hqzr",
    "Paris||France": "/m/05qtj",
    "Bonn||Germany": "/m/0150n",
    "Cologne||Germany": "/m/01v8c",
    "Mainz||Germany": "/m/054y8",
    "Trier||Germany": "/m/07gdw",
    "Wiesbaden||Germany": "/m/0bp_7",
    "Budapest||Hungary": "/m/095w_",
    "Szentendre||Hungary": "/m/0406mx",
    "Dolomites||Italy": "/m/0fccy",
    "Milan||Italy": "/m/0947l",
    "Rome||Italy": "/m/06c62",
    "Venice||Italy": "/m/07_pf",
    "Trakai||Lithuania": "/m/019tl8",
    "Vilnius||Lithuania": "/m/07_kq",
    "Casablanca||Morocco": "/m/022b_",
    "Alkmaar||Netherlands": "/m/0ps8c",
    "Almere||Netherlands": "/m/0vh7g",
    "Amsterdam||Netherlands": "/m/0k3p",
    "Haarlem||Netherlands": "/m/0h095",
    "Leiden||Netherlands": "/m/0cl8c",
    "Lisse||Netherlands": "/m/0wbj7",
    "Noordwijk||Netherlands": "/m/0wbp_",
    "The Hague||Netherlands": "/m/07g0_",
    "Utrecht||Netherlands": "/m/0d9s5",
    "Volendam||Netherlands": "/m/04vvt6",
    "Zaanse Schans||Netherlands": "/m/0265sq7",
    "Zandvoort||Netherlands": "/m/0w17f",
    "Stavanger||Norway": "/m/01773g",
    "Częstochowa||Poland": "/m/0jw_p",
    "Gdańsk||Poland": "/m/035m6",
    "Gdynia||Poland": "/m/03b4d",
    "Kraków||Poland": "/m/0491y",
    "Poznań||Poland": "/m/05xnv",
    "Sopot||Poland": "/m/013xxh",
    "Warsaw||Poland": "/m/081m_",
    "Wieliczka||Poland": "/m/0140sc",
    "Wrocław||Poland": "/m/0845b",
    "Bucharest||Romania": "/m/096gm",
    "Bratislava||Slovakia": "/m/015g7",
    "Gothenburg||Sweden": "/m/0343_",
    "Stockholm||Sweden": "/m/06mxs",
    "Uppsala||Sweden": "/m/07tcs",
    "Basel||Switzerland": "/m/01k4f",
    "Birmingham||United Kingdom": "/m/0k33p",
    "Brecon Beacons||United Kingdom": "/m/0mv5m",
    "Brighton||United Kingdom": "/m/0d6yv",
    "Cambridge||United Kingdom": "/m/0978r",
    "Edinburgh||United Kingdom": "/m/02m77",
    "London||United Kingdom": "/m/04jpl",
    "Manchester||United Kingdom": "/m/052bw",
    "Newcastle upon Tyne||United Kingdom": "/m/0j7ng",
    "Stratford-upon-Avon||United Kingdom": "/m/0g251"
}